UserId,PhotoID,PostedBy,PhotoURL,PhotoName,Likes,Angry,Haha,Love,Sad,Wow,UploadedDate,Tag_width,Tag_height,Tag_left,Tag_top,Tagged_user_Count
1,1,Kazun Frankenstein Piyumal,https://scontent.fcmb8-1.fna.fbcdn.net/v/t1.0-9/49312091_2226032757428783_75909230514667520_n.jpg?_nc_cat=110&_nc_ht=scontent.fcmb8-1.fna&oh=349c0e89ee9f16a256a1cd71b803396e&oe=5CBF3DFB,49312091_2226032757428783_75909230514667520_n.jpg,121,0,0,2,0,0,1/14/2019,9.75,14.65553236,29.91666667,30.76826722,5
1,2,Supun Sethsara,https://scontent.fcmb8-1.fna.fbcdn.net/v/t1.0-9/49064728_2038349112910617_2499401603103064064_o.jpg?_nc_cat=105&_nc_ht=scontent.fcmb8-1.fna&oh=ffcc1c5b3c18507c6a94c145af1bc43e&oe=5CCDB26B,49064728_2038349112910617_2499401603103064064_o.jpg,2,0,0,0,0,0,12/16/2018,21.5,32.25,58.41666667,14.4,1
1,3,GS Photography,https://scontent.fcmb8-1.fna.fbcdn.net/v/t1.0-9/48386667_1173668692800990_2544085433533333504_o.jpg?_nc_cat=103&_nc_ht=scontent.fcmb8-1.fna&oh=5f76f7dc04c9d11a4819e356ccd61e6d&oe=5CC1D7FD,48386667_1173668692800990_2544085433533333504_o.jpg,4,0,0,0,0,0,12/17/2018,15.75,23.6743215,46.5,24.52192067,4
1,4,Harindi Halkewela,https://scontent.fcmb8-1.fna.fbcdn.net/v/t1.0-9/48388441_2484161141811252_6658251116226019328_o.jpg?_nc_cat=105&_nc_ht=scontent.fcmb8-1.fna&oh=c221468e16b95d2bb746ec8651cfa509&oe=5CC8A8B1,48388441_2484161141811252_6658251116226019328_o.jpg,2,0,0,1,0,0,12/17/2018,9.25,12.33333333,36,9.544444444,10
1,5,Harindi Halkewela,https://scontent.fcmb8-1.fna.fbcdn.net/v/t1.0-9/48361751_2484160431811323_8426771344225468416_o.jpg?_nc_cat=111&_nc_ht=scontent.fcmb8-1.fna&oh=0dbfc9dea57a8d90ae1895217421e284&oe=5CCFF92B,48361751_2484160431811323_8426771344225468416_o.jpg,8,0,0,2,0,0,12/17/2018,20.5,27.33333333,60.02777778,28.6,10
1,6,Harindi Halkewela,https://scontent.fcmb8-1.fna.fbcdn.net/v/t1.0-9/48371117_2484159555144744_3720947914776772608_o.jpg?_nc_cat=103&_nc_ht=scontent.fcmb8-1.fna&oh=6fc79d1b909a993e40728a09edee4cb3&oe=5CC472E0,48371117_2484159555144744_3720947914776772608_o.jpg,0,0,0,0,0,0,12/17/2018,18.75,25,30.13888889,21.38888889,5
1,7,Harindi Halkewela,https://scontent.fcmb8-1.fna.fbcdn.net/v/t1.0-9/48392839_2484159345144765_2690455797267169280_o.jpg?_nc_cat=105&_nc_ht=scontent.fcmb8-1.fna&oh=7da68aa32c74a1be0092108860d0e33d&oe=5CB87917,48392839_2484159345144765_2690455797267169280_o.jpg,1,0,0,0,0,0,12/17/2018,51.33333333,38.5,26.18518519,44.12222222,9
1,8,Harindi Halkewela,https://scontent.fcmb8-1.fna.fbcdn.net/v/t1.0-9/48378741_2484159145144785_4608305398129098752_o.jpg?_nc_cat=105&_nc_ht=scontent.fcmb8-1.fna&oh=576b734c43f3135e57462ad7cfda6788&oe=5CCFB221,48378741_2484159145144785_4608305398129098752_o.jpg,0,0,0,0,0,0,12/17/2018,12.75,17,79.94444444,36.37407407,9
1,9,Harindi Halkewela,https://scontent.fcmb8-1.fna.fbcdn.net/v/t1.0-9/48954544_2484158805144819_7318824142982086656_o.jpg?_nc_cat=108&_nc_ht=scontent.fcmb8-1.fna&oh=5f41ccaa5484b7ae90b9c399f0e37a28&oe=5CC76569,48954544_2484158805144819_7318824142982086656_o.jpg,1,0,0,0,0,0,12/17/2018,17.5,23.33333333,48.19444444,44.14814815,9
1,10,Kanishka Dilshan,https://scontent.fcmb8-1.fna.fbcdn.net/v/t1.0-9/48393763_10156898174911950_7707817668828463104_o.jpg?_nc_cat=109&_nc_ht=scontent.fcmb8-1.fna&oh=7ccd5a7c54da786a83ea75971713936e&oe=5CB5E580,48393763_10156898174911950_7707817668828463104_o.jpg,35,1,1,0,0,0,12/17/2018,26.25,35,53.19444444,36.68518519,3
1,11,Kanishka Dilshan,https://scontent.fcmb8-1.fna.fbcdn.net/v/t1.0-9/47185497_10156856659746950_3614273769096347648_n.jpg?_nc_cat=109&_nc_ht=scontent.fcmb8-1.fna&oh=585369600fb0300b5c8979723b426b42&oe=5CB64D18,47185497_10156856659746950_3614273769096347648_n.jpg,168,0,7,0,0,1,11/30/2018,13.25,17.66666667,58.72222222,35.23333333,4
1,12,Kanishka Dilshan,https://scontent.fcmb8-1.fna.fbcdn.net/v/t1.0-9/45742636_10156808683571950_5704868814324236288_n.jpg?_nc_cat=100&_nc_ht=scontent.fcmb8-1.fna&oh=7e40798be27f24e8b52ff4971bb5a7c8&oe=5CD35EE8,45742636_10156808683571950_5704868814324236288_n.jpg,145,0,0,0,0,2,11/10/2018,29.75,39.66666667,59.77777778,22.95925926,3
1,13,Sandun Isuru Niraj,https://scontent.fcmb8-1.fna.fbcdn.net/v/t1.0-9/45721206_2384660734942666_9222704444318154752_n.jpg?_nc_cat=111&_nc_ht=scontent.fcmb8-1.fna&oh=bc535dce3f61a0b2acf5a03b87012ffb&oe=5CFFE472,45721206_2384660734942666_9222704444318154752_n.jpg,112,0,2,3,0,0,11/10/2018,13.75,18.33333333,53.47,29.65,3
1,14,Kanishka Dilshan,https://scontent.fcmb8-1.fna.fbcdn.net/v/t1.0-9/44654925_10156766793051950_4350838983660404736_n.jpg?_nc_cat=102&_nc_ht=scontent.fcmb8-1.fna&oh=cb63669d3f869b1ba4b8e9d15e0e72d6&oe=5CBD232D,44654925_10156766793051950_4350838983660404736_n.jpg,144,0,6,1,0,6,10/23/2018,19.75,26.33,57.14,23.92,4
1,15,Praba Maheshi,https://scontent.fcmb8-1.fna.fbcdn.net/v/t1.0-9/38834062_2611664652193005_2228746632558542848_n.jpg?_nc_cat=111&_nc_ht=scontent.fcmb8-1.fna&oh=1850dd502af09519d10ccbcb40fabda5&oe=5CB9DF8A,38834062_2611664652193005_2228746632558542848_n.jpg,163,0,20,1,0,3,8/8/2018,9.25,12.33,33.91,26.21,6
1,16,FIT Moments,https://scontent.fcmb8-1.fna.fbcdn.net/v/t1.0-9/37978451_523939368039581_1028317786021036032_n.jpg?_nc_cat=101&_nc_ht=scontent.fcmb8-1.fna&oh=d3db7f634c6be96be3daa57c9caf86bf&oe=5CD5C1C0,37978451_523939368039581_1028317786021036032_n.jpg,2,0,1,2,0,0,7/28/2018,16.5,24.8,54.8,54.8,3
1,17,FIT Moments,https://scontent.fcmb8-1.fna.fbcdn.net/v/t1.0-9/37829981_523928478040670_9002808707242786816_n.jpg?_nc_cat=108&_nc_ht=scontent.fcmb8-1.fna&oh=66bfa6206957a3f28bca0c0fda52ede9&oe=5D00E9AB,37829981_523928478040670_9002808707242786816_n.jpg,3,0,1,0,0,0,7/28/2018,20.5,30.81,2.8,40.17,3
1,18,FIT Moments,https://scontent.fcmb8-1.fna.fbcdn.net/v/t1.0-9/37500571_514357528997765_1578144406739877888_n.jpg?_nc_cat=108&_nc_ht=scontent.fcmb8-1.fna&oh=0b0516afc832bea13bb3698514c5a8eb&oe=5CC4CAC0,37500571_514357528997765_1578144406739877888_n.jpg,3,0,0,1,0,0,7/21/2018,4,6.01,20.5,29.58,6
1,19,Kanishka Dilshan,https://scontent.fcmb8-1.fna.fbcdn.net/v/t1.0-9/37601702_10156536335631950_2751351840749649920_n.jpg?_nc_cat=101&_nc_ht=scontent.fcmb8-1.fna&oh=e0756249bc355a886bdf51d0c34e30b2&oe=5CC6DD47,37601702_10156536335631950_2751351840749649920_n.jpg,148,0,10,0,0,0,7/22/2018,36.75,49,35.8,21.61,4
1,20,FIT Moments,https://scontent.fcmb8-1.fna.fbcdn.net/v/t1.0-9/37575227_514263875673797_6330417430753443840_n.jpg?_nc_cat=100&_nc_ht=scontent.fcmb8-1.fna&oh=03ff07b99bdb80b4c1884ec502ded428&oe=5CBABBED,37575227_514263875673797_6330417430753443840_n.jpg,4,0,0,0,0,0,7/21/2018,8.5,12.78,54.22,36.17,7
1,21,Supun Sethsara,https://scontent.fcmb8-1.fna.fbcdn.net/v/t1.0-9/36321788_1778370122241852_1915064275915767808_n.jpg?_nc_cat=108&_nc_ht=scontent.fcmb8-1.fna&oh=45ff436d805a1feb050d693a3119a13f&oe=5CB71241,36321788_1778370122241852_1915064275915767808_n.jpg,127,0,24,3,0,8,6/29/2018,77.75,26.62,40.91,20.8,1
1,22,Supun Sethsara,https://scontent.fcmb8-1.fna.fbcdn.net/v/t1.0-9/36373776_1778369642241900_2673986169645039616_n.jpg?_nc_cat=105&_nc_ht=scontent.fcmb8-1.fna&oh=bb378af27fcee16e1be614f69045c1ce&oe=5CC434B7,36373776_1778369642241900_2673986169645039616_n.jpg,45,0,7,0,0,2,6/29/2018,25.25,37.87,45.08,14.46,1
1,23,Kanishka Dilshan,https://scontent.fcmb8-1.fna.fbcdn.net/v/t1.0-9/36025793_10156469028971950_4422332218995638272_n.jpg?_nc_cat=105&_nc_ht=scontent.fcmb8-1.fna&oh=d543d2ba17c697e9457fd6e5240c7ab6&oe=5CD1A943,36025793_10156469028971950_4422332218995638272_n.jpg,158,0,3,0,0,1,6/24/2018,23.75,31.66,43.05,27.94,4
1,24,Hemal Randeniya,https://scontent.fcmb8-1.fna.fbcdn.net/v/t1.0-9/34439602_1830352177062546_2326564375285989376_n.jpg?_nc_cat=108&_nc_ht=scontent.fcmb8-1.fna&oh=03095919bb8583296d83330c0fb45fa1&oe=5CBE8280,34439602_1830352177062546_2326564375285989376_n.jpg,210,0,15,2,0,1,6/3/2018,16,21.33,32.55,48.66,7
1,25,Kanishka Dilshan,https://scontent.fcmb8-1.fna.fbcdn.net/v/t1.0-9/34078431_10156406618916950_8290527199115608064_n.jpg?_nc_cat=107&_nc_ht=scontent.fcmb8-1.fna&oh=ab90849b2219a71efd7d1c7ad8329a21&oe=5CD37FCD,34078431_10156406618916950_8290527199115608064_n.jpg,142,0,18,0,0,2,5/31/2018,26.25,35,20,16.31,4
1,26,Supun Sethsara,https://scontent.fcmb8-1.fna.fbcdn.net/v/t1.0-9/33769778_1731755766903288_5752636328193818624_n.jpg?_nc_cat=108&_nc_ht=scontent.fcmb8-1.fna&oh=7abac5ee1db3952d13e26de0ab21d1a0&oe=5CD55F01,33769778_1731755766903288_5752636328193818624_n.jpg,98,0,1,4,0,0,5/26/2018,36.25,48.33333333,54.58,20.72,2
1,27,Kanishka Dilshan,https://scontent.fcmb8-1.fna.fbcdn.net/v/t1.0-9/31944183_10156334587721950_3116111675053309952_n.jpg?_nc_cat=102&_nc_ht=scontent.fcmb8-1.fna&oh=1f465027b1b38d96e836b96b8529d191&oe=5CB80765,31944183_10156334587721950_3116111675053309952_n.jpg,96,0,3,0,0,1,5/3/2018,17.75,28.65,58.41,20.36,5
1,28,Kanishka Dilshan,https://scontent.fcmb8-1.fna.fbcdn.net/v/t1.0-9/31444866_10156321240601950_8817236497666146304_n.jpg?_nc_cat=102&_nc_ht=scontent.fcmb8-1.fna&oh=5a4c89eacb8d8e8083a145d849c63d88&oe=5CBFCF07,31444866_10156321240601950_8817236497666146304_n.jpg,117,0,3,0,0,1,4/28/2018,26,34.66,28.8,21.23,3
1,29,Kanishka Dilshan,https://scontent.fcmb8-1.fna.fbcdn.net/v/t1.0-9/31154170_10156309476831950_6765979298420490240_n.jpg?_nc_cat=109&_nc_ht=scontent.fcmb8-1.fna&oh=01414b601cc62fac063a3076c9e56fcd&oe=5CC57F38,31154170_10156309476831950_6765979298420490240_n.jpg,141,0,8,1,0,1,4/23/2018,25.2,39.78,10.5,21.53,5
1,30,Supun Sethsara,https://scontent.fcmb8-1.fna.fbcdn.net/v/t1.0-9/29594919_1675303379215194_1646099507784231873_n.jpg?_nc_cat=108&_nc_ht=scontent.fcmb8-1.fna&oh=cda785be7cc502016f4cc19a6acc1107&oe=5CD322AA,29594919_1675303379215194_1646099507784231873_n.jpg,81,0,3,1,0,0,3/31/2018,41.5,55.33333333,12.72,7.36,4
1,31,Sandupa Dalugoda,https://scontent.fcmb7-1.fna.fbcdn.net/v/t1.0-9/51548713_809009692793933_1880518492449406976_n.jpg?_nc_cat=105&_nc_ht=scontent.fcmb7-1.fna&oh=3f7d2bddf488929f235846a2d20b920c&oe=5CED2DAD,51548713_809009692793933_1880518492449406976_n.jpg,53,1,2,3,0,0,2/8/2019,34,45.33,57.3,42.61,8
1,32,Sandupa Dalugoda,https://scontent.fcmb7-1.fna.fbcdn.net/v/t1.0-9/51593833_809009776127258_462302780728541184_n.jpg?_nc_cat=111&_nc_ht=scontent.fcmb7-1.fna&oh=55a3791f7f4b3789c2057c5cc5e7d397&oe=5CE8DEEA,51593833_809009776127258_462302780728541184_n.jpg,80,0,6,1,0,0,2/8/2019,11.5,17.25,18.0,28.81,4
1,33,Supun Sethsara,https://scontent.fcmb7-1.fna.fbcdn.net/v/t1.0-9/51805314_2098462943565900_2001822353301962752_n.jpg?_nc_cat=110&_nc_ht=scontent.fcmb7-1.fna&oh=66eac457eba42de8e689aa66927f20ce&oe=5CB339C8,51805314_2098462943565900_2001822353301962752_n.jpg,28,0,2,2,0,0,2/8/2019,36.5,48.66,19.25,3.39,3
1,34,Supun Sethsara,https://scontent.fcmb7-1.fna.fbcdn.net/v/t1.0-9/51366961_2098462986899229_6028929345257472000_n.jpg?_nc_cat=108&_nc_ht=scontent.fcmb7-1.fna&oh=4ec42de2c1437789221e75509abc96a4&oe=5CFD9423,51366961_2098462986899229_6028929345257472000_n.jpg,2,0,0,0,0,0,2/8/2019,48.66,36.5,48.81,45.46,2
1,35,Supun Sethsara,https://scontent.fcmb7-1.fna.fbcdn.net/v/t1.0-9/51737751_2098462893565905_2313094481672404992_n.jpg?_nc_cat=110&_nc_ht=scontent.fcmb7-1.fna&oh=4c2934e95b96c8ac0feddce1ea31d2b9&oe=5CE3BB82,51737751_2098462893565905_2313094481672404992_n.jpg,33,0,0,1,0,0,2/8/2019,53,39.75,46.925925925926,44.83,3
1,36,Supun Sethsara,https://scontent.fcmb7-1.fna.fbcdn.net/v/t1.0-9/51460936_2098463063565888_6402947591453016064_n.jpg?_nc_cat=111&_nc_ht=scontent.fcmb7-1.fna&oh=d55bc1f73c7af40b6fa44b85e1c6b5eb&oe=5CB36994,51603087_2098463066899221_8346825780755431424_o.jpg,1,0,0,0,0,0,2/8/2019,13.88,18.51,0,0,3
1,37,Supun Sethsara,https://scontent.fcmb7-1.fna.fbcdn.net/v/t1.0-9/51794200_2097801936965334_5689192153629065216_n.jpg?_nc_cat=102&_nc_ht=scontent.fcmb7-1.fna&oh=aa4cd94f79a0808869a0b01e1383a583&oe=5CFFDA97,51794200_2097801936965334_5689192153629065216_n.jpg,214,0,11,12,0,2,2/8/2019,40.44,30.27,59.55,48.71,5
1,38,DirectFN Sri Lanka,https://scontent.fcmb7-1.fna.fbcdn.net/v/t1.0-9/50041771_2331088563781227_5733375474340462592_n.jpg?_nc_cat=109&_nc_ht=scontent.fcmb7-1.fna&oh=be577ebecb68e744dcd5f368e32322fe&oe=5CEB8F61,50041771_2331088563781227_5733375474340462592_n.jpg,2,0,2,0,0,2,1/18/2019,27.43,18.25,32.52,33.28,1
1,39,DirectFN Sri Lanka,https://scontent.fcmb7-1.fna.fbcdn.net/v/t1.0-9/50029833_2331089360447814_3477087162132856832_n.jpg?_nc_cat=102&_nc_ht=scontent.fcmb7-1.fna&oh=100c7f8105ebc2e1a853ca50bb6d93d7&oe=5CE60039,50029833_2331089360447814_3477087162132856832_n.jpg,6,0,0,0,0,0,1/18/2019,12,18.03,41.08,18.82,3
1,40,Supun Sethsara,https://scontent.fcmb7-1.fna.fbcdn.net/v/t1.0-9/48426052_2038349116243950_5265559647820972032_n.jpg?_nc_cat=101&_nc_ht=scontent.fcmb7-1.fna&oh=3605b68dd48e6d111c2822f4a3f2ea34&oe=5CFDD56B,48426052_2038349116243950_5265559647820972032_n.jpg,2,0,0,0,0,0,12/15/2018,21.5,32.25,58.41,14.4,1
1,41,GS Photography,https://scontent.fcmb7-1.fna.fbcdn.net/v/t1.0-9/48420695_1173668696134323_7200553250595012608_n.jpg?_nc_cat=110&_nc_ht=scontent.fcmb7-1.fna&oh=d11bb2ff600d74fc1e597938327bf263&oe=5D01603F,48420695_1173668696134323_7200553250595012608_n.jpg,4,0,0,0,0,0,12/16/2018,15.75,23.67,46.5,24.52,4
1,42,Harindi Halkewela,https://scontent.fcmb7-1.fna.fbcdn.net/v/t1.0-9/48363071_2484159148478118_4676124954662535168_n.jpg?_nc_cat=105&_nc_ht=scontent.fcmb7-1.fna&oh=8a01c8b726f4bcdb124ed35256255038&oe=5CFC1183,48363071_2484159148478118_4676124954662535168_n.jpg,1,0,0,0,0,0,12/16/2018,12.75,17,79.94,36.37,9
1,43,Supun Sethsara,https://scontent.fcmb7-1.fna.fbcdn.net/v/t1.0-9/37517958_1812272332184964_8399608192929103872_n.jpg?_nc_cat=105&_nc_ht=scontent.fcmb7-1.fna&oh=7c8b955a3083233d21c7201f3ad3a4d5&oe=5CDF50EF,37517958_1812272332184964_8399608192929103872_n.jpg,109,0,4,2,0,0,7/21/2018,13.88,18.51,0,0,4
1,44,Dimuthu Kadigamuwa,https://scontent.fcmb7-1.fna.fbcdn.net/v/t1.0-9/29512159_942059155956981_7396283547601960304_n.jpg?_nc_cat=104&_nc_ht=scontent.fcmb7-1.fna&oh=1e152be5c951695a79eab83b6a0fc2f2&oe=5CF5E9A0,29512159_942059155956981_7396283547601960304_n.jpg,11,0,0,0,0,0,3/25/2018,1388,20.8,0,1.78E-17,3
1,45,Dimuthu Kadigamuwa,https://scontent.fcmb7-1.fna.fbcdn.net/v/t1.0-9/29511659_942040245958872_8427830219942138303_n.jpg?_nc_cat=110&_nc_ht=scontent.fcmb7-1.fna&oh=83921f6501a64d3d5e01a71aeb9d8898&oe=5CEA7F31,29511659_942040245958872_8427830219942138303_n.jpg,0,0,0,0,0,0,3/25/2018,20.83,13.88,1.78E-17,0,1
1,46,Dimuthu Kadigamuwa,https://scontent.fcmb7-1.fna.fbcdn.net/v/t1.0-9/29572603_942054062624157_2522742608435751723_n.jpg?_nc_cat=110&_nc_ht=scontent.fcmb7-1.fna&oh=5c3badca470201187419f0a68cdd7d53&oe=5CF89406,29572603_942054062624157_2522742608435751723_n.jpg,18,0,0,1,0,0,3/25/2018,9.5,14.25,12.75,25.2,7
1,47,Supun Sethsara,https://scontent.fcmb7-1.fna.fbcdn.net/v/t1.0-9/26814951_1596494690429397_8239671426045502262_n.jpg?_nc_cat=106&_nc_ht=scontent.fcmb7-1.fna&oh=cc2a6bacd6c45b85af93dbfd8dee5ae9&oe=5CEAE911,26814951_1596494690429397_8239671426045502262_n.jpg,2,0,0,0,0,0,1/16/2018,14.5,21.75,59.83,26.95,1
1,48,Arosha Mahathantirige,https://scontent.fcmb7-1.fna.fbcdn.net/v/t1.0-9/24899896_10155840005509030_1610085515038387070_n.jpg?_nc_cat=100&_nc_ht=scontent.fcmb7-1.fna&oh=5450c63e44328ca805948aa2847ad119&oe=5CEB174D,24899896_10155840005509030_1610085515038387070_n.jpg,15,0,3,0,0,0,12/10/2017,13.88,18.51,8.05,25.89,4
1,49,Flexus Labs,https://scontent.fcmb7-1.fna.fbcdn.net/v/t1.0-9/19059754_898837816932603_8705673614524664035_n.jpg?_nc_cat=100&_nc_ht=scontent.fcmb7-1.fna&oh=3051ced444a8b1841fa6bd8139af9e18&oe=5CDC1C41,19059754_898837816932603_8705673614524664035_n.jpg,6,0,0,2,0,0,10/1/2017,6.5,9.75,51.75,27.69,8
1,50,Chemex.lk,https://scontent.fcmb7-1.fna.fbcdn.net/v/t31.0-8/18238909_1925930470985828_3208344434846545527_o.jpg?_nc_cat=109&_nc_ht=scontent.fcmb7-1.fna&oh=50a037e91945485b8a1e7579a0c33a95&oe=5CFA0B79,18238909_1925930470985828_3208344434846545527_o.jpg,15,0,0,1,0,0,5/6/2017,13.25,19.91,72.47,21.13,4
1,51,Praveen Udayanga Perera,https://scontent.fcmb7-1.fna.fbcdn.net/v/t1.0-9/18274829_1413537838668451_1535836200873956631_n.jpg?_nc_cat=100&_nc_ht=scontent.fcmb7-1.fna&oh=fd9c867704c76576ba7da10ef3727535&oe=5CFC19DF,18274829_1413537838668451_1535836200873956631_n.jpg,24,0,0,2,0,0,5/6/2017,13.88,18.51,20.98,52.08,5
1,52,Ravindu Prasadith,https://scontent.fcmb7-1.fna.fbcdn.net/v/t1.0-9/14681711_10207132203812783_2705284071956284966_n.jpg?_nc_cat=107&_nc_ht=scontent.fcmb7-1.fna&oh=f6ffe95d760c59975977e00a8672c296&oe=5CE261C7,14681711_10207132203812783_2705284071956284966_n.jpg,35,0,0,1,0,0,10/11/2016,19,28.5,39.666666666667,0.206083333,3
1,53,Sudaraka Liyanage,https://scontent.fcmb7-1.fna.fbcdn.net/v/t1.0-9/14463118_10210551678858785_4119039059085284257_n.jpg?_nc_cat=103&_nc_ht=scontent.fcmb7-1.fna&oh=a117fe7240e38eaec29944ed466abfbd&oe=5CDDCC6C,14463118_10210551678858785_4119039059085284257_n.jpg,131,0,0,0,0,0,10/2/2016,15.5,20.66,25.86,31.48,10
1,54,Supun Sethsara,https://scontent.fcmb7-1.fna.fbcdn.net/v/t1.0-9/13432362_1057653327646872_1993674579070438185_n.jpg?_nc_cat=106&_nc_ht=scontent.fcmb7-1.fna&oh=ec81631111608e415a404ed23dd76717&oe=5CE6B60C,13432362_1057653327646872_1993674579070438185_n.jpg,151,0,0,0,0,0,6/11/2016,16.5,24.75,40.08333333,10.35,1
1,55,LetMeKnow.lk,https://scontent.fcmb7-1.fna.fbcdn.net/v/t1.0-9/13083226_1337332549617113_8624362756054027052_n.jpg?_nc_cat=105&_nc_ht=scontent.fcmb7-1.fna&oh=df9fe3a7e93c53dc477b8770613caf10&oe=5CED9395,13083226_1337332549617113_8624362756054027052_n.jpg,4,0,0,0,0,0,4/28/2016,7.5,11.25,34.72,16.2,8
1,56,Supun Sethsara,https://scontent.fcmb7-1.fna.fbcdn.net/v/t1.0-9/12814235_1005879866157552_6412666589630948664_n.jpg?_nc_cat=104&_nc_ht=scontent.fcmb7-1.fna&oh=14963bcd79095c35617deaad7fb42da2&oe=5D017156,12814235_1005879866157552_6412666589630948664_n.jpg,4,0,0,0,0,0,3/22/2016,9.75,14.65,50.61,30.9,3
1,57,Lasantha Deshappriya,https://scontent.fcmb7-1.fna.fbcdn.net/v/t1.0-9/12717641_1747528155479034_2246901966685526614_n.jpg?_nc_cat=108&_nc_ht=scontent.fcmb7-1.fna&oh=b51ec0ac0217378e62b75c84e4afa822&oe=5CDFE45D,12717641_1747528155479034_2246901966685526614_n.jpg,237,0,0,0,0,0,2/19/2016,7,12.44,17.88,13.27,9
1,58,Photographic Society of Royal College,https://scontent.fcmb7-1.fna.fbcdn.net/v/t1.0-9/11230221_811501048961964_8683899351636353811_n.jpg?_nc_cat=100&_nc_ht=scontent.fcmb7-1.fna&oh=f8c2225e5ebc7bba800c5a494353e1f4&oe=5D0168CC,11230221_811501048961964_8683899351636353811_n.jpg,13,0,0,0,0,0,2/6/2016,9.25,13.93,50.3,8.0627615062761,5
1,59,Ripple Effect,https://scontent.fcmb7-1.fna.fbcdn.net/v/t1.0-9/12644811_1698574690386615_4374715124921591515_n.jpg?_nc_cat=108&_nc_ht=scontent.fcmb7-1.fna&oh=f77ec36302c5926d254443e85e4b7b06&oe=5CF54881,12644811_1698574690386615_4374715124921591515_n.jpg,3,0,0,0,0,0,1/9/2016,7,10.5,71.361111111111,31.61,7
1,60,Ripple Effect,https://scontent.fcmb7-1.fna.fbcdn.net/v/t1.0-9/734693_1686205088290242_1357465974326115867_n.jpg?_nc_cat=110&_nc_ht=scontent.fcmb7-1.fna&oh=0c54f98a496114cfc93ab737f23dc21c&oe=5CFF85D8,734693_1686205088290242_1357465974326115867_n.jpg,1,0,0,0,0,0,12/22/2016,26.65,39.37,34.35,7.3125,2
1,61,Supun Sethsara,https://scontent.fcmb7-1.fna.fbcdn.net/v/t1.0-9/12195890_930196947059178_3388686109305615359_n.jpg?_nc_cat=110&_nc_ht=scontent.fcmb7-1.fna&oh=32678db174a0ec473356875101af5982&oe=5CDC044A,12195890_930196947059178_3388686109305615359_n.jpg,199,0,0,0,0,0,10/28/2015,34.12,22.75,31.16,19.89,1
1,62,Supun Sethsara,https://scontent.fcmb7-1.fna.fbcdn.net/v/t1.0-9/12279042_949472678464938_2330910183744223887_n.jpg?_nc_cat=101&_nc_ht=scontent.fcmb7-1.fna&oh=a24233387612d779270947034b6b7983&oe=5CEE242A,12279042_949472678464938_2330910183744223887_n.jpg,4,0,0,0,0,0,12/12/2015,6.5,11.22,69.527777777778,21.08,3
1,63,Supun Sethsara,https://scontent.fcmb7-1.fna.fbcdn.net/v/t1.0-9/12243341_940402162705323_7512832953233684954_n.jpg?_nc_cat=104&_nc_ht=scontent.fcmb7-1.fna&oh=7862671081ded8716a44d1232a7d41c5&oe=5CE68A2E,12243341_940402162705323_7512832953233684954_n.jpg,5,0,0,1,0,0,11/21/2015,23.25,34.87,67.05,9.59,5
1,64,Supun Sethsara,https://scontent.fcmb7-1.fna.fbcdn.net/v/t1.0-9/12043191_918428968235976_9125401000821980310_n.jpg?_nc_cat=101&_nc_ht=scontent.fcmb7-1.fna&oh=a6885b53b2c1ec59eba4eb97c345b714&oe=5CEEB8CA,12043191_918428968235976_9125401000821980310_n.jpg,4,0,0,0,0,0,9/27/2015,20.83,13.88,34.66,39.26,2
1,65,Supun Sethsara,https://scontent.fcmb7-1.fna.fbcdn.net/v/t1.0-9/11921671_901731613239045_153034796090851181_n.jpg?_nc_cat=108&_nc_ht=scontent.fcmb7-1.fna&oh=5f6feb6062ef509651f0639cacb11633&oe=5CECA8ED,11921671_901731613239045_153034796090851181_n.jpg,4,0,0,0,0,0,2015/9/31,22.25,33.37,21.44,16.53,2
1,66,Supun Sethsara,https://scontent.fcmb7-1.fna.fbcdn.net/v/t1.0-9/11947547_901731583239048_8270903800076531561_n.jpg?_nc_cat=106&_nc_ht=scontent.fcmb7-1.fna&oh=10c5b1b50b04ecf17bf75b5366c4ba9b&oe=5CEC3CF9,11947547_901731583239048_8270903800076531561_n.jpg,28,0,0,0,0,0,2015/9/31,11.25,16.87,41.94,15.6,3
1,67,Supun Sethsara,https://scontent.fcmb7-1.fna.fbcdn.net/v/t1.0-9/11892152_898521996893340_1102835645021175548_n.jpg?_nc_cat=109&_nc_ht=scontent.fcmb7-1.fna&oh=1f14d303be321ba303d0507c51441c98&oe=5CFA6E41,11892152_898521996893340_1102835645021175548_n.jpg,6,0,0,0,0,0,9/25/2015,12,12.29,43.72,37.14,1
1,68,Wishwa Dissanayaka,https://scontent.fcmb7-1.fna.fbcdn.net/v/t1.0-9/11866324_720414378102898_6985619653476652594_n.jpg?_nc_cat=110&_nc_ht=scontent.fcmb7-1.fna&oh=5428dbd42c03f22e6d221aed697905db&oe=5CDFFDA4,11866324_720414378102898_6985619653476652594_n.jpg,23,0,0,0,0,0,9/11/2015,7.5,13.36,37.63,31.33,4
1,69,Supun Sethsara,https://scontent.fcmb7-1.fna.fbcdn.net/v/t1.0-9/11057734_865398036872403_7008486562727831149_n.jpg?_nc_cat=109&_nc_ht=scontent.fcmb7-1.fna&oh=b160f9dd2242a4d80ec30d3d6e0244df&oe=5CE4BEDF,11057734_865398036872403_7008486562727831149_n.jpg,21,0,0,0,0,0,6/21/2015,7,10.5,56.22,43.49,3
1,70,Supun Sethsara,https://scontent.fcmb7-1.fna.fbcdn.net/v/t1.0-9/11083643_832454773500063_1308784859881260683_n.jpg?_nc_cat=103&_nc_ht=scontent.fcmb7-1.fna&oh=24109205f59825e89c2da2ddffc5965a&oe=5CDCAFA8,11083643_832454773500063_1308784859881260683_n.jpg,2,0,0,0,0,0,3/13/2015,13,19.58,37.11111111,30.51046025,1
1,71,Asitha Sonal Jayasinghe,https://scontent.fcmb7-1.fna.fbcdn.net/v/t1.0-9/1379874_522121327890941_816702169733831173_n.jpg?_nc_cat=106&_nc_ht=scontent.fcmb7-1.fna&oh=6a4c3e9767324e2dd8e3c5098f440eb2&oe=5CF09C3A,1379874_522121327890941_816702169733831173_n.jpg,6,0,0,0,0,0,11/7/2014,13.88,24.439,34.2,11.280487804878,4
